                  epoch,         train/box_loss,         train/cls_loss,         train/dfl_loss,   metrics/precision(B),      metrics/recall(B),       metrics/mAP50(B),    metrics/mAP50-95(B),           val/box_loss,           val/cls_loss,           val/dfl_loss,                 lr/pg0,                 lr/pg1,                 lr/pg2
                      1,                0.86143,                 5.2011,                 1.3104,                 0.0048,                0.35848,                0.00544,                0.00432,                0.75528,                 5.3915,                  1.284,                0.07008,              0.0033244,              0.0033244
                      2,                 0.9585,                 4.8457,                  1.365,                0.15009,                0.07443,                0.01137,                0.00749,                 1.1022,                  5.362,                 1.6614,               0.040047,              0.0066248,              0.0066248
                      3,                 1.0621,                 4.5162,                 1.4069,                0.41999,                0.04786,                0.02079,                0.01345,                0.99545,                 4.7859,                 1.4965,              0.0099811,              0.0098922,              0.0098922
                      4,                 1.1049,                 4.2893,                 1.4121,                0.46168,                0.05478,                0.02646,                0.01838,                 1.0165,                 4.7369,                 1.4873,              0.0098515,              0.0098515,              0.0098515
                      5,                 1.0934,                 4.0879,                 1.3927,                0.39836,                0.10722,                0.03783,                0.02621,                 1.0208,                 4.4443,                 1.4992,               0.009802,               0.009802,               0.009802
                      6,                 1.0494,                 3.8546,                 1.3564,                0.31914,                0.13951,                0.05497,                0.03856,                0.95388,                 3.9972,                 1.4053,              0.0097525,              0.0097525,              0.0097525
                      7,                 1.0233,                 3.6647,                 1.3361,                0.26802,                0.14846,                0.07316,                 0.0546,                0.90895,                 3.6986,                 1.3823,               0.009703,               0.009703,               0.009703
                      8,                0.99226,                 3.5149,                 1.3112,                0.27753,                 0.2253,                0.10062,                0.07852,                0.79257,                 3.3385,                 1.2716,              0.0096535,              0.0096535,              0.0096535
                      9,                0.96664,                 3.3342,                 1.2964,                0.25199,                0.23554,                0.10385,                 0.0781,                0.83917,                 3.3237,                 1.3073,               0.009604,               0.009604,               0.009604
                     10,                0.96043,                  3.214,                 1.2941,                0.22277,                0.27156,                0.13152,                0.10228,                0.79273,                 3.0275,                 1.2646,              0.0095545,              0.0095545,              0.0095545
                     11,                 0.9458,                 3.0795,                 1.2812,                0.21598,                0.32258,                0.16399,                0.13002,                0.73385,                 2.7929,                  1.225,               0.009505,               0.009505,               0.009505
                     12,                0.93438,                 3.0016,                 1.2725,                0.24258,                0.32627,                0.17691,                0.13838,                0.77751,                 2.7099,                  1.255,              0.0094555,              0.0094555,              0.0094555
                     13,                0.92532,                 2.8737,                 1.2661,                0.25855,                0.36003,                0.20507,                0.16112,                0.73028,                 2.5371,                 1.2175,               0.009406,               0.009406,               0.009406
                     14,                0.91772,                 2.8085,                 1.2609,                0.24275,                0.37936,                0.22793,                0.17868,                0.74346,                 2.4457,                 1.2213,              0.0093565,              0.0093565,              0.0093565
                     15,                    0.9,                  2.717,                 1.2474,                0.22092,                0.36622,                0.20965,                 0.1674,                0.71504,                 2.4635,                 1.1904,               0.009307,               0.009307,               0.009307
                     16,                0.90154,                 2.6763,                 1.2537,                0.26393,                0.40144,                0.25505,                0.20206,                0.73328,                 2.3117,                 1.2188,              0.0092575,              0.0092575,              0.0092575
                     17,                0.88501,                 2.5924,                 1.2384,                0.25275,                0.40264,                0.25342,                0.20033,                0.75203,                 2.3109,                 1.2383,               0.009208,               0.009208,               0.009208
                     18,                0.87324,                 2.5267,                 1.2328,                0.29955,                0.43747,                0.31249,                0.25309,                0.68127,                 2.0927,                 1.1694,              0.0091585,              0.0091585,              0.0091585
                     19,                0.86039,                 2.4872,                 1.2228,                0.31175,                0.45688,                0.33616,                0.27407,                0.65737,                 2.0401,                 1.1563,               0.009109,               0.009109,               0.009109
                     20,                0.86729,                 2.4337,                 1.2294,                0.29826,                0.42067,                0.31185,                0.25296,                0.67273,                 2.1439,                 1.1621,              0.0090595,              0.0090595,              0.0090595
                     21,                0.85211,                 2.3733,                 1.2173,                 0.2993,                0.46357,                0.33512,                0.27419,                0.66691,                 2.0455,                 1.1552,                0.00901,                0.00901,                0.00901
                     22,                0.85217,                 2.3289,                 1.2202,                0.34739,                0.46446,                0.37684,                0.30692,                0.66118,                 1.9672,                 1.1562,              0.0089605,              0.0089605,              0.0089605
                     23,                0.83753,                 2.2852,                 1.2069,                0.37376,                0.49416,                0.41067,                0.33928,                0.64757,                 1.8517,                 1.1426,               0.008911,               0.008911,               0.008911
                     24,                0.83997,                  2.255,                 1.2169,                0.35317,                0.47311,                0.41382,                0.34074,                0.64388,                 1.8612,                 1.1386,              0.0088615,              0.0088615,              0.0088615
                     25,                0.83192,                 2.2074,                  1.205,                0.38742,                0.49957,                0.44689,                0.36907,                 0.6412,                 1.7787,                 1.1397,               0.008812,               0.008812,               0.008812
                     26,                 0.8315,                 2.1597,                 1.2045,                0.38924,                0.47999,                0.42426,                0.34899,                0.65707,                 1.8335,                 1.1483,              0.0087625,              0.0087625,              0.0087625
                     27,                0.82731,                 2.1556,                 1.2067,                0.40841,                0.51237,                0.46577,                0.38445,                0.64388,                 1.7497,                 1.1304,               0.008713,               0.008713,               0.008713
                     28,                0.81145,                 2.0745,                 1.1882,                0.42094,                0.50866,                 0.4829,                0.39994,                0.62523,                 1.6807,                 1.1191,              0.0086635,              0.0086635,              0.0086635
                     29,                0.82178,                   2.06,                 1.1996,                0.44262,                0.52758,                0.49334,                0.40893,                0.62513,                 1.6511,                 1.1209,               0.008614,               0.008614,               0.008614
                     30,                0.80771,                 2.0245,                 1.1882,                0.44757,                0.54244,                0.51705,                0.42795,                0.62436,                 1.6073,                   1.12,              0.0085645,              0.0085645,              0.0085645
                     31,                0.80999,                  1.996,                 1.1902,                 0.4827,                0.53676,                 0.5261,                0.43927,                0.61819,                 1.5747,                 1.1142,               0.008515,               0.008515,               0.008515
                     32,                 0.8011,                 1.9673,                 1.1861,                0.49318,                 0.5447,                0.53718,                0.44901,                0.60585,                 1.5526,                 1.1059,              0.0084655,              0.0084655,              0.0084655
                     33,                0.78972,                 1.9259,                 1.1808,                0.48006,                0.54838,                0.54267,                0.45505,                0.60388,                 1.5419,                 1.1023,               0.008416,               0.008416,               0.008416
                     34,                0.78703,                 1.9347,                 1.1768,                0.50347,                0.53232,                0.54212,                0.44703,                0.62869,                 1.5508,                 1.1279,              0.0083665,              0.0083665,              0.0083665
                     35,                0.78762,                 1.8732,                 1.1772,                0.51017,                0.58143,                0.57523,                0.48279,                0.59763,                 1.4571,                 1.0973,               0.008317,               0.008317,               0.008317
                     36,                0.78084,                 1.8534,                 1.1698,                0.50676,                0.55414,                0.56308,                0.46642,                0.63206,                 1.5104,                 1.1296,              0.0082675,              0.0082675,              0.0082675
                     37,                0.79119,                 1.8408,                 1.1778,                0.52103,                0.58046,                0.59135,                 0.4957,                0.59668,                 1.4255,                 1.0988,               0.008218,               0.008218,               0.008218
                     38,                0.78274,                 1.7993,                 1.1701,                0.52639,                0.59571,                0.59863,                0.50249,                0.60683,                 1.4022,                  1.101,              0.0081685,              0.0081685,              0.0081685
                     39,                0.77519,                 1.7936,                 1.1693,                0.57521,                0.58873,                0.61068,                0.51255,                0.60405,                 1.3569,                 1.1025,               0.008119,               0.008119,               0.008119
                     40,                0.77252,                 1.7646,                  1.169,                0.56078,                0.59373,                0.61761,                0.51857,                0.59943,                 1.3518,                 1.0985,              0.0080695,              0.0080695,              0.0080695
                     41,                0.76758,                 1.7685,                 1.1663,                0.56959,                0.60597,                0.62998,                0.53072,                0.58736,                 1.3114,                 1.0917,                0.00802,                0.00802,                0.00802
                     42,                0.76063,                 1.7081,                 1.1578,                0.56401,                0.60233,                 0.6266,                0.52707,                0.59494,                 1.3477,                 1.0939,              0.0079705,              0.0079705,              0.0079705
                     43,                0.76426,                 1.6908,                 1.1625,                0.59443,                0.61578,                0.64003,                0.53994,                0.58186,                 1.2806,                 1.0869,               0.007921,               0.007921,               0.007921
                     44,                0.76438,                 1.6802,                 1.1571,                0.57422,                 0.6224,                0.63706,                0.53723,                0.58868,                 1.2991,                 1.0932,              0.0078715,              0.0078715,              0.0078715
                     45,                0.75154,                 1.6546,                 1.1537,                0.60566,                 0.5978,                0.64038,                0.53928,                0.58854,                 1.2932,                 1.0907,               0.007822,               0.007822,               0.007822
                     46,                0.75116,                 1.6484,                 1.1547,                 0.5903,                0.62236,                 0.6522,                0.55173,                0.58383,                 1.2544,                 1.0863,              0.0077725,              0.0077725,              0.0077725
                     47,                0.75422,                 1.6294,                 1.1548,                0.60776,                0.60489,                0.65555,                0.55225,                 0.5896,                  1.265,                 1.0929,               0.007723,               0.007723,               0.007723
                     48,                0.74843,                 1.6004,                  1.151,                0.60703,                0.63772,                0.67366,                0.57079,                0.58066,                 1.2131,                 1.0818,              0.0076735,              0.0076735,              0.0076735
                     49,                0.74434,                 1.5726,                 1.1474,                0.65171,                 0.6319,                0.67956,                0.57523,                0.57706,                 1.1963,                 1.0803,               0.007624,               0.007624,               0.007624
                     50,                0.73868,                 1.5772,                 1.1413,                0.62747,                0.64078,                0.67442,                 0.5737,                0.57516,                 1.1928,                 1.0815,              0.0075745,              0.0075745,              0.0075745
                     51,                0.74972,                  1.581,                 1.1513,                  0.645,                 0.6335,                0.68225,                0.58018,                0.57053,                 1.1829,                 1.0754,               0.007525,               0.007525,               0.007525
                     52,                0.73558,                  1.555,                 1.1424,                0.63538,                0.64043,                0.68882,                0.58695,                0.56821,                 1.1626,                 1.0762,              0.0074755,              0.0074755,              0.0074755
                     53,                 0.7323,                 1.5276,                 1.1398,                0.63504,                0.63548,                0.68736,                0.58358,                0.56705,                 1.1648,                 1.0732,               0.007426,               0.007426,               0.007426
                     54,                0.73417,                 1.5134,                 1.1406,                0.63546,                0.65956,                0.69716,                0.59089,                0.56765,                  1.146,                 1.0718,              0.0073765,              0.0073765,              0.0073765
                     55,                0.73033,                 1.5106,                 1.1409,                0.64032,                0.66505,                0.69828,                0.59309,                0.56735,                 1.1398,                 1.0728,               0.007327,               0.007327,               0.007327
                     56,                0.73246,                 1.5057,                 1.1418,                0.64355,                0.65328,                0.70006,                0.59586,                0.56696,                 1.1276,                 1.0725,              0.0072775,              0.0072775,              0.0072775
                     57,                0.72694,                 1.4841,                 1.1367,                0.67815,                0.65496,                0.70949,                0.60586,                 0.5606,                  1.103,                 1.0682,               0.007228,               0.007228,               0.007228
                     58,                0.72668,                 1.4587,                 1.1366,                0.67915,                0.66019,                0.71622,                0.60998,                 0.5645,                 1.0913,                 1.0719,              0.0071785,              0.0071785,              0.0071785
                     59,                0.71407,                 1.4366,                 1.1317,                 0.6772,                0.65929,                 0.7143,                0.61043,                0.55777,                  1.101,                 1.0692,               0.007129,               0.007129,               0.007129
                     60,                0.72601,                 1.4504,                 1.1367,                0.66777,                0.65262,                0.70876,                0.60441,                0.56011,                 1.1054,                 1.0687,              0.0070795,              0.0070795,              0.0070795
                     61,                0.71169,                 1.4187,                 1.1277,                0.63955,                0.68603,                0.71884,                0.61463,                0.55282,                 1.0784,                 1.0634,                0.00703,                0.00703,                0.00703
                     62,                0.72182,                 1.4462,                 1.1416,                0.67168,                0.66642,                0.72123,                0.61782,                0.55196,                 1.0698,                 1.0604,              0.0069805,              0.0069805,              0.0069805
                     63,                0.71752,                 1.4108,                 1.1309,                0.68597,                0.66761,                0.72508,                  0.624,                0.54833,                 1.0682,                 1.0587,               0.006931,               0.006931,               0.006931
                     64,                 0.7098,                 1.3961,                 1.1272,                0.68055,                0.67938,                 0.7314,                0.62943,                0.54843,                 1.0506,                 1.0587,              0.0068815,              0.0068815,              0.0068815
                     65,                0.70997,                 1.3723,                 1.1267,                0.67041,                0.68404,                0.72919,                0.62479,                0.55367,                 1.0511,                 1.0635,               0.006832,               0.006832,               0.006832
                     66,                0.69935,                  1.375,                 1.1216,                0.70402,                0.67328,                0.74017,                0.63465,                0.55551,                 1.0283,                  1.063,              0.0067825,              0.0067825,              0.0067825
                     67,                0.71236,                 1.3573,                 1.1276,                0.68828,                0.67128,                0.72996,                0.62462,                0.55666,                 1.0427,                 1.0665,               0.006733,               0.006733,               0.006733
                     68,                0.70477,                 1.3473,                 1.1214,                0.68652,                0.68712,                0.73733,                0.63247,                0.54882,                 1.0322,                 1.0628,              0.0066835,              0.0066835,              0.0066835
                     69,                0.70535,                  1.341,                 1.1223,                0.69012,                 0.6921,                0.74154,                0.63555,                0.55327,                 1.0253,                 1.0631,               0.006634,               0.006634,               0.006634
                     70,                0.69385,                 1.3371,                  1.118,                0.70228,                0.68406,                 0.7412,                0.63445,                0.55253,                 1.0214,                 1.0642,              0.0065845,              0.0065845,              0.0065845
                     71,                0.70645,                 1.3054,                 1.1229,                0.70345,                0.69081,                0.74695,                0.64183,                0.55007,                 1.0093,                 1.0619,               0.006535,               0.006535,               0.006535
                     72,                0.69599,                 1.3093,                 1.1207,                0.70884,                0.68791,                0.74422,                0.63667,                0.54974,                 1.0111,                 1.0599,              0.0064855,              0.0064855,              0.0064855
                     73,                0.70058,                 1.3062,                  1.122,                0.70367,                0.69016,                0.74424,                0.64015,                0.54465,                 1.0054,                 1.0579,               0.006436,               0.006436,               0.006436
                     74,                0.69594,                 1.2909,                 1.1137,                0.69025,                0.70392,                0.74539,                 0.6389,                0.54807,                 1.0066,                 1.0605,              0.0063865,              0.0063865,              0.0063865
                     75,                 0.6944,                 1.2822,                 1.1198,                0.72272,                0.69448,                0.75567,                0.65133,                0.54229,                0.98254,                 1.0558,               0.006337,               0.006337,               0.006337
                     76,                 0.6882,                 1.2554,                 1.1119,                0.72575,                0.69112,                0.75715,                0.65432,                0.53935,                0.98147,                 1.0534,              0.0062875,              0.0062875,              0.0062875
                     77,                0.69954,                 1.2942,                 1.1217,                0.73398,                0.68995,                0.75925,                0.65364,                0.54417,                0.97318,                 1.0571,               0.006238,               0.006238,               0.006238
                     78,                0.68073,                 1.2562,                 1.1118,                  0.721,                0.69525,                0.75736,                0.65231,                0.54269,                0.98069,                 1.0599,              0.0061885,              0.0061885,              0.0061885
                     79,                0.68704,                  1.255,                 1.1152,                0.71114,                  0.716,                0.76219,                0.65492,                 0.5406,                0.96721,                 1.0567,               0.006139,               0.006139,               0.006139
                     80,                0.68581,                 1.2313,                 1.1097,                0.73286,                0.69762,                0.76438,                0.65735,                0.54144,                0.96011,                  1.054,              0.0060895,              0.0060895,              0.0060895
                     81,                0.69084,                 1.2479,                 1.1155,                0.72412,                0.70326,                0.76358,                0.65775,                0.53836,                0.95813,                  1.054,                0.00604,                0.00604,                0.00604
                     82,                0.67714,                 1.2121,                 1.1059,                0.73113,                0.70806,                0.76688,                 0.6611,                0.53924,                0.95675,                 1.0524,              0.0059905,              0.0059905,              0.0059905
                     83,                0.67044,                 1.2204,                 1.1011,                0.72997,                0.70309,                0.76657,                0.66239,                0.53397,                0.94951,                 1.0502,               0.005941,               0.005941,               0.005941
                     84,                 0.6721,                 1.2099,                 1.1062,                0.73725,                0.69723,                0.76518,                0.66107,                0.53776,                0.95972,                 1.0542,              0.0058915,              0.0058915,              0.0058915
                     85,                0.67164,                 1.1966,                  1.104,                0.76059,                0.68187,                0.76804,                0.66432,                0.53461,                 0.9479,                 1.0508,               0.005842,               0.005842,               0.005842
                     86,                0.67776,                 1.1973,                 1.1082,                0.73282,                0.71011,                0.76638,                0.66371,                0.52986,                0.94758,                 1.0474,              0.0057925,              0.0057925,              0.0057925
                     87,                0.67617,                 1.1852,                 1.1044,                0.74425,                0.70288,                0.77135,                0.66891,                 0.5284,                0.94267,                 1.0466,               0.005743,               0.005743,               0.005743
                     88,                0.67076,                 1.1748,                 1.0994,                0.73335,                0.71883,                0.77424,                0.67061,                0.52841,                0.92959,                 1.0477,              0.0056935,              0.0056935,              0.0056935
                     89,                0.67099,                 1.1712,                 1.1023,                0.72929,                0.71851,                0.77175,                0.66791,                0.52654,                0.93524,                 1.0433,               0.005644,               0.005644,               0.005644
                     90,                0.67106,                 1.1603,                 1.1012,                0.73779,                0.70771,                0.77283,                 0.6689,                0.52634,                0.93346,                 1.0446,              0.0055945,              0.0055945,              0.0055945
                     91,                0.66689,                 1.1499,                 1.0991,                0.73208,                0.71475,                0.77154,                0.66807,                0.52951,                 0.9329,                 1.0471,               0.005545,               0.005545,               0.005545
                     92,                0.66603,                 1.1482,                 1.0975,                0.74614,                0.70661,                0.77167,                0.66805,                 0.5286,                  0.933,                 1.0467,              0.0054955,              0.0054955,              0.0054955
                     93,                0.66543,                  1.132,                 1.1004,                0.73481,                0.71973,                  0.773,                0.66884,                0.53066,                0.92917,                 1.0478,               0.005446,               0.005446,               0.005446
                     94,                0.65451,                 1.1307,                 1.0913,                 0.7449,                0.72244,                 0.7752,                0.67128,                0.52923,                0.92102,                 1.0463,              0.0053965,              0.0053965,              0.0053965
                     95,                  0.655,                 1.1255,                 1.0949,                0.75849,                0.71243,                0.77652,                0.67362,                0.52494,                0.91533,                 1.0425,               0.005347,               0.005347,               0.005347
                     96,                0.65421,                 1.1088,                  1.092,                0.75586,                0.71355,                0.77657,                0.67412,                0.52601,                0.92276,                 1.0425,              0.0052975,              0.0052975,              0.0052975
                     97,                0.66094,                  1.127,                 1.1035,                0.74992,                0.71088,                0.77872,                0.67511,                0.52729,                0.92206,                 1.0427,               0.005248,               0.005248,               0.005248
                     98,                0.65522,                 1.1067,                 1.0885,                0.74735,                 0.7168,                0.77917,                0.67622,                0.52667,                0.91142,                 1.0425,              0.0051985,              0.0051985,              0.0051985
                     99,                0.66069,                 1.1148,                 1.0979,                0.75249,                0.71898,                0.78079,                0.67725,                0.52714,                0.90658,                 1.0415,               0.005149,               0.005149,               0.005149
                    100,                0.65408,                 1.0936,                 1.0937,                0.75136,                0.72122,                0.78464,                0.67977,                0.52831,                0.90183,                 1.0427,              0.0050995,              0.0050995,              0.0050995
                    101,                0.64928,                 1.0916,                 1.0891,                0.76161,                0.71829,                0.78651,                0.68219,                0.52853,                0.89785,                 1.0462,                0.00505,                0.00505,                0.00505
                    102,                0.64477,                 1.0866,                 1.0901,                0.74924,                0.72565,                0.78608,                0.68196,                0.52858,                0.89514,                 1.0461,              0.0050005,              0.0050005,              0.0050005
                    103,                0.65351,                 1.0873,                 1.0968,                0.75044,                0.72531,                0.78352,                0.67939,                0.52906,                0.90024,                  1.048,               0.004951,               0.004951,               0.004951
                    104,                0.65451,                 1.0692,                 1.0955,                0.75265,                0.72538,                0.78571,                0.68144,                0.52913,                0.89671,                 1.0481,              0.0049015,              0.0049015,              0.0049015
                    105,                0.64055,                 1.0659,                 1.0874,                0.75252,                0.72774,                0.78831,                0.68353,                0.52843,                0.88871,                 1.0486,               0.004852,               0.004852,               0.004852
                    106,                0.64613,                 1.0679,                  1.087,                0.75786,                0.72244,                0.78741,                0.68351,                0.52748,                0.88805,                 1.0479,              0.0048025,              0.0048025,              0.0048025
                    107,                0.64317,                 1.0397,                 1.0871,                0.75792,                0.72814,                0.78921,                0.68521,                0.52757,                0.88843,                 1.0467,               0.004753,               0.004753,               0.004753
                    108,                0.64477,                 1.0589,                 1.0906,                0.76073,                0.72422,                0.78912,                0.68516,                0.52684,                 0.8885,                 1.0465,              0.0047035,              0.0047035,              0.0047035
                    109,                0.64193,                 1.0489,                 1.0844,                0.77736,                0.71383,                0.78865,                0.68361,                0.52878,                0.88932,                 1.0465,               0.004654,               0.004654,               0.004654
                    110,                0.63804,                 1.0373,                 1.0828,                0.76378,                0.72419,                0.78866,                0.68416,                0.52611,                0.89067,                 1.0448,              0.0046045,              0.0046045,              0.0046045
                    111,                 0.6355,                 1.0359,                 1.0814,                0.75383,                0.73082,                0.79044,                0.68533,                0.52678,                0.88865,                 1.0458,               0.004555,               0.004555,               0.004555
                    112,                0.63972,                 1.0281,                 1.0865,                0.75611,                0.72666,                0.78991,                0.68558,                0.52526,                0.88953,                 1.0439,              0.0045055,              0.0045055,              0.0045055
                    113,                0.62899,                 1.0306,                 1.0822,                0.76127,                0.72014,                0.78839,                0.68451,                0.52372,                0.89137,                 1.0438,               0.004456,               0.004456,               0.004456
                    114,                0.62946,                 1.0084,                 1.0805,                0.74745,                0.73046,                0.78829,                0.68507,                0.52308,                0.89124,                 1.0434,              0.0044065,              0.0044065,              0.0044065
                    115,                0.62908,                 0.9977,                 1.0791,                0.75476,                0.72106,                0.78765,                 0.6847,                0.52239,                0.88951,                 1.0428,               0.004357,               0.004357,               0.004357
                    116,                0.62796,                0.99535,                  1.076,                0.75271,                0.72903,                0.78877,                0.68624,                0.52193,                0.88703,                 1.0427,              0.0043075,              0.0043075,              0.0043075
                    117,                0.62654,                0.99801,                 1.0778,                0.77339,                0.71727,                0.78906,                0.68756,                 0.5213,                0.88416,                 1.0432,               0.004258,               0.004258,               0.004258
                    118,                0.63021,                0.99759,                 1.0783,                0.76766,                0.72212,                0.78977,                0.68755,                0.52195,                0.88203,                  1.044,              0.0042085,              0.0042085,              0.0042085
                    119,                0.62648,                0.98784,                 1.0774,                 0.7766,                0.71858,                0.78928,                0.68834,                 0.5215,                0.88346,                 1.0433,               0.004159,               0.004159,               0.004159
                    120,                0.62669,                0.99556,                 1.0787,                0.77059,                 0.7249,                0.78939,                0.68834,                 0.5226,                0.88397,                 1.0448,              0.0041095,              0.0041095,              0.0041095
                    121,                0.62396,                0.98462,                   1.08,                0.76971,                0.72583,                0.78972,                0.68795,                0.52348,                0.88125,                 1.0449,                0.00406,                0.00406,                0.00406
                    122,                0.62211,                0.96813,                 1.0793,                0.77304,                 0.7254,                 0.7914,                 0.6893,                0.52354,                0.87818,                  1.045,              0.0040105,              0.0040105,              0.0040105
                    123,                0.61847,                0.95881,                 1.0731,                0.77563,                0.72719,                0.79204,                0.68974,                0.52236,                0.87727,                 1.0441,               0.003961,               0.003961,               0.003961
                    124,                0.61317,                0.96025,                 1.0751,                 0.7644,                0.73208,                0.79317,                0.69149,                0.52115,                0.87522,                 1.0427,              0.0039115,              0.0039115,              0.0039115
                    125,                0.61671,                0.96028,                  1.072,                0.77764,                0.71967,                0.79333,                0.69136,                0.52047,                0.87372,                 1.0429,               0.003862,               0.003862,               0.003862
                    126,                0.61809,                0.94949,                 1.0721,                0.76423,                0.72782,                0.79261,                0.69092,                 0.5206,                0.87312,                 1.0431,              0.0038125,              0.0038125,              0.0038125
                    127,                0.61048,                0.95667,                 1.0691,                0.75356,                0.74186,                0.79412,                0.69241,                0.51985,                0.87161,                 1.0428,               0.003763,               0.003763,               0.003763
                    128,                0.60859,                0.92632,                 1.0633,                0.75916,                0.73593,                0.79464,                0.69228,                0.52035,                0.87062,                 1.0432,              0.0037135,              0.0037135,              0.0037135
                    129,                0.61609,                0.94533,                 1.0755,                0.76566,                0.73162,                0.79461,                0.69333,                0.52039,                0.86846,                 1.0429,               0.003664,               0.003664,               0.003664
                    130,                0.60712,                0.93269,                 1.0636,                0.76814,                0.73068,                0.79486,                0.69344,                0.51967,                0.86658,                  1.042,              0.0036145,              0.0036145,              0.0036145
                    131,                0.60381,                0.91047,                  1.062,                0.78585,                0.71681,                0.79491,                0.69334,                0.51876,                0.86664,                  1.041,               0.003565,               0.003565,               0.003565
                    132,                0.61122,                0.93624,                 1.0675,                0.78625,                 0.7159,                0.79476,                0.69361,                0.51874,                0.86415,                 1.0407,              0.0035155,              0.0035155,              0.0035155
                    133,                0.60183,                0.91218,                 1.0644,                0.76737,                0.73026,                0.79512,                0.69393,                0.51876,                0.86278,                 1.0406,               0.003466,               0.003466,               0.003466
                    134,                0.61036,                0.91631,                 1.0702,                0.76391,                0.73669,                0.79527,                0.69438,                0.51903,                0.86296,                 1.0408,              0.0034165,              0.0034165,              0.0034165
                    135,                0.60181,                 0.9131,                  1.064,                0.75838,                0.74119,                0.79564,                0.69418,                0.51847,                 0.8631,                 1.0406,               0.003367,               0.003367,               0.003367
                    136,                0.60169,                0.90325,                 1.0648,                0.76406,                0.73807,                0.79597,                0.69505,                0.51811,                0.86305,                 1.0411,              0.0033175,              0.0033175,              0.0033175
                    137,                0.60504,                0.91318,                 1.0661,                0.77534,                0.72718,                0.79574,                0.69488,                0.51751,                 0.8636,                 1.0408,               0.003268,               0.003268,               0.003268
                    138,                 0.5983,                0.90036,                 1.0638,                0.78255,                0.72207,                0.79522,                0.69483,                0.51724,                0.86508,                 1.0404,              0.0032185,              0.0032185,              0.0032185
                    139,                0.59751,                0.90239,                 1.0621,                0.76964,                0.73402,                0.79582,                 0.6946,                0.51758,                0.86598,                 1.0405,               0.003169,               0.003169,               0.003169
                    140,                 0.5945,                0.89973,                 1.0654,                 0.7736,                0.72857,                 0.7959,                 0.6949,                0.51782,                0.86557,                 1.0405,              0.0031195,              0.0031195,              0.0031195
                    141,                0.59719,                0.89422,                 1.0645,                0.77156,                0.73247,                0.79643,                0.69476,                0.51808,                0.86379,                 1.0407,                0.00307,                0.00307,                0.00307
                    142,                0.59334,                0.87815,                 1.0601,                0.76793,                0.73718,                0.79641,                0.69506,                0.51834,                0.86364,                  1.041,              0.0030205,              0.0030205,              0.0030205
                    143,                0.59294,                0.88136,                 1.0602,                0.78218,                0.72577,                0.79643,                 0.6955,                0.51851,                0.86371,                 1.0412,               0.002971,               0.002971,               0.002971
                    144,                0.59269,                0.86738,                 1.0583,                0.77916,                0.72607,                0.79664,                0.69556,                0.51878,                0.86312,                 1.0414,              0.0029215,              0.0029215,              0.0029215
                    145,                0.59736,                0.87605,                 1.0617,                0.79074,                  0.718,                0.79712,                0.69556,                0.51894,                 0.8633,                 1.0415,               0.002872,               0.002872,               0.002872
                    146,                0.59215,                 0.8744,                 1.0615,                0.78225,                 0.7247,                0.79724,                 0.6955,                0.51879,                0.86368,                 1.0414,              0.0028225,              0.0028225,              0.0028225
                    147,                0.58404,                0.85937,                 1.0547,                0.78399,                0.72214,                0.79674,                0.69553,                0.51879,                0.86445,                 1.0413,               0.002773,               0.002773,               0.002773
                    148,                0.58461,                0.84956,                 1.0545,                0.78518,                0.72271,                0.79679,                0.69541,                0.51898,                0.86413,                 1.0415,              0.0027235,              0.0027235,              0.0027235
                    149,                0.58898,                0.85841,                 1.0548,                0.77729,                0.73133,                0.79685,                0.69544,                0.51875,                0.86324,                 1.0413,               0.002674,               0.002674,               0.002674
                    150,                0.58062,                 0.8489,                 1.0559,                0.77212,                0.73639,                0.79728,                0.69593,                0.51884,                0.86287,                 1.0413,              0.0026245,              0.0026245,              0.0026245
                    151,                0.58535,                0.84682,                 1.0559,                0.77244,                0.73632,                0.79746,                0.69597,                0.51899,                0.86199,                 1.0414,               0.002575,               0.002575,               0.002575
                    152,                0.57947,                0.83342,                 1.0554,                0.77328,                  0.737,                0.79741,                0.69626,                0.51866,                0.86159,                 1.0413,              0.0025255,              0.0025255,              0.0025255
                    153,                0.57861,                0.83336,                  1.047,                0.77328,                0.73816,                0.79772,                0.69647,                0.51862,                0.86119,                 1.0413,               0.002476,               0.002476,               0.002476
                    154,                0.57555,                0.81743,                 1.0452,                0.77661,                0.73489,                0.79778,                0.69638,                0.51843,                0.86078,                 1.0413,              0.0024265,              0.0024265,              0.0024265
                    155,                0.58086,                0.83826,                 1.0566,                0.78092,                0.73113,                0.79847,                0.69691,                0.51833,                0.85992,                 1.0412,               0.002377,               0.002377,               0.002377
                    156,                0.57026,                0.81794,                 1.0439,                0.78415,                0.72967,                0.79855,                 0.6966,                0.51839,                0.85898,                 1.0415,              0.0023275,              0.0023275,              0.0023275
                    157,                0.57469,                 0.8094,                 1.0496,                0.78417,                0.73003,                0.79902,                0.69701,                0.51829,                0.85867,                 1.0416,               0.002278,               0.002278,               0.002278
                    158,                0.56805,                0.80905,                 1.0487,                0.77946,                0.73233,                0.79883,                0.69667,                0.51827,                0.85836,                 1.0418,              0.0022285,              0.0022285,              0.0022285
                    159,                 0.5736,                0.82246,                 1.0503,                0.77705,                0.73297,                0.79872,                0.69649,                 0.5184,                0.85859,                  1.042,               0.002179,               0.002179,               0.002179
                    160,                0.57024,                0.81865,                 1.0544,                0.77551,                 0.7349,                0.79893,                0.69651,                0.51853,                0.85893,                 1.0422,              0.0021295,              0.0021295,              0.0021295
                    161,                0.56433,                0.79998,                 1.0429,                0.77494,                0.73895,                0.79886,                0.69649,                0.51851,                0.85926,                 1.0423,                0.00208,                0.00208,                0.00208
                    162,                0.56964,                0.80492,                 1.0485,                0.77885,                0.73383,                0.79892,                0.69655,                0.51849,                0.85966,                 1.0424,              0.0020305,              0.0020305,              0.0020305
                    163,                0.56147,                0.79344,                 1.0453,                 0.7801,                 0.7318,                0.79888,                0.69652,                0.51841,                0.85969,                 1.0424,               0.001981,               0.001981,               0.001981
                    164,                0.56709,                0.79098,                 1.0502,                0.78164,                0.73088,                0.79897,                0.69659,                0.51831,                 0.8597,                 1.0425,              0.0019315,              0.0019315,              0.0019315
                    165,                0.56242,                0.79288,                 1.0413,                0.77626,                  0.734,                0.79907,                0.69646,                0.51824,                0.85967,                 1.0425,               0.001882,               0.001882,               0.001882
                    166,                0.56476,                0.79958,                  1.046,                0.78889,                0.72315,                0.79912,                0.69679,                 0.5184,                0.86002,                 1.0427,              0.0018325,              0.0018325,              0.0018325
                    167,                0.56682,                0.78363,                 1.0431,                0.79069,                0.72251,                0.79914,                0.69676,                0.51839,                0.86011,                 1.0429,               0.001783,               0.001783,               0.001783
                    168,                0.56186,                0.79059,                 1.0466,                0.78857,                0.72404,                0.79926,                0.69677,                0.51857,                0.86007,                 1.0431,              0.0017335,              0.0017335,              0.0017335
                    169,                0.55718,                0.77321,                 1.0411,                0.78832,                0.72363,                0.79901,                0.69663,                0.51854,                0.86046,                 1.0431,               0.001684,               0.001684,               0.001684
                    170,                0.56038,                0.78068,                 1.0455,                0.78959,                0.72301,                0.79951,                0.69705,                0.51873,                0.86047,                 1.0433,              0.0016345,              0.0016345,              0.0016345
                    171,                0.55301,                0.77596,                 1.0395,                0.78885,                0.72389,                0.79927,                0.69685,                0.51877,                0.86046,                 1.0434,               0.001585,               0.001585,               0.001585
                    172,                0.55925,                0.76847,                 1.0453,                0.78819,                0.72463,                0.79903,                0.69698,                0.51875,                0.86059,                 1.0433,              0.0015355,              0.0015355,              0.0015355
                    173,                0.54724,                0.75763,                 1.0329,                0.78771,                0.72536,                0.79887,                0.69692,                0.51877,                0.86075,                 1.0435,               0.001486,               0.001486,               0.001486
                    174,                0.54658,                0.75423,                 1.0358,                0.78815,                0.72583,                0.79881,                0.69693,                 0.5188,                 0.8605,                 1.0436,              0.0014365,              0.0014365,              0.0014365
                    175,                0.54672,                0.75998,                  1.038,                0.78658,                0.72597,                0.79873,                0.69683,                0.51883,                0.86033,                 1.0437,               0.001387,               0.001387,               0.001387
                    176,                0.55073,                0.75558,                 1.0351,                 0.7873,                0.72535,                0.79881,                0.69676,                0.51889,                0.86033,                 1.0439,              0.0013375,              0.0013375,              0.0013375
                    177,                0.54512,                0.73838,                 1.0328,                0.77985,                 0.7297,                0.79869,                0.69654,                  0.519,                 0.8602,                  1.044,               0.001288,               0.001288,               0.001288
                    178,                0.54902,                0.73667,                  1.037,                0.78465,                0.72636,                0.79875,                0.69659,                0.51895,                 0.8604,                 1.0441,              0.0012385,              0.0012385,              0.0012385
                    179,                0.54057,                 0.7346,                 1.0348,                0.78673,                0.72476,                0.79872,                0.69652,                0.51892,                0.86027,                 1.0441,               0.001189,               0.001189,               0.001189
                    180,                0.54738,                0.74699,                  1.036,                0.78744,                0.72409,                0.79871,                0.69667,                0.51891,                0.86038,                 1.0442,              0.0011395,              0.0011395,              0.0011395
                    181,                0.53741,                0.73218,                 1.0344,                0.78398,                0.72544,                0.79826,                0.69651,                0.51893,                0.86082,                 1.0443,                0.00109,                0.00109,                0.00109
                    182,                0.54097,                0.72511,                 1.0351,                0.78936,                0.72102,                0.79815,                0.69639,                0.51899,                0.86097,                 1.0443,              0.0010405,              0.0010405,              0.0010405
                    183,                0.54187,                0.73784,                 1.0304,                0.78651,                0.72346,                0.79805,                0.69633,                0.51895,                0.86141,                 1.0445,               0.000991,               0.000991,               0.000991
                    184,                0.53688,                0.72606,                 1.0317,                0.78663,                0.72308,                0.79791,                0.69616,                0.51891,                0.86165,                 1.0445,              0.0009415,              0.0009415,              0.0009415
                    185,                0.53744,                0.73386,                 1.0329,                0.77617,                0.73043,                0.79775,                0.69583,                 0.5189,                0.86185,                 1.0446,               0.000892,               0.000892,               0.000892
                    186,                 0.5318,                0.71834,                 1.0285,                 0.7879,                0.72253,                0.79751,                0.69561,                0.51892,                0.86193,                 1.0448,              0.0008425,              0.0008425,              0.0008425
                    187,                0.53524,                0.72357,                 1.0327,                0.77968,                0.72881,                0.79751,                0.69561,                0.51891,                0.86221,                 1.0449,               0.000793,               0.000793,               0.000793
                    188,                0.51974,                0.69678,                 1.0199,                0.78013,                0.72858,                0.79746,                0.69547,                0.51896,                0.86252,                  1.045,              0.0007435,              0.0007435,              0.0007435
                    189,                0.53112,                0.70603,                 1.0307,                0.78272,                0.72575,                0.79735,                0.69538,                0.51888,                0.86293,                  1.045,               0.000694,               0.000694,               0.000694
                    190,                0.52992,                0.71321,                 1.0261,                0.78936,                0.72123,                0.79755,                0.69551,                0.51894,                0.86297,                 1.0451,              0.0006445,              0.0006445,              0.0006445
                    191,                0.52913,                0.71262,                 1.0256,                0.78696,                0.72288,                0.79752,                0.69562,                0.51894,                0.86309,                 1.0452,               0.000595,               0.000595,               0.000595
                    192,                0.53457,                0.71019,                 1.0306,                0.78422,                0.72541,                0.79742,                0.69558,                0.51902,                 0.8633,                 1.0454,              0.0005455,              0.0005455,              0.0005455
                    193,                0.52731,                0.69735,                 1.0304,                0.78524,                0.72494,                0.79734,                 0.6954,                0.51908,                0.86356,                 1.0455,               0.000496,               0.000496,               0.000496
                    194,                0.52559,                0.69902,                 1.0217,                0.78438,                0.72508,                0.79731,                0.69555,                0.51915,                0.86386,                 1.0457,              0.0004465,              0.0004465,              0.0004465
                    195,                0.51942,                0.68802,                 1.0237,                0.78279,                0.72575,                0.79727,                0.69534,                0.51948,                0.86412,                 1.0462,               0.000397,               0.000397,               0.000397
                    196,                0.51976,                0.69147,                 1.0239,                0.78065,                0.72659,                0.79692,                0.69548,                0.51953,                0.86436,                 1.0463,              0.0003475,              0.0003475,              0.0003475
                    197,                0.52644,                0.68774,                 1.0273,                0.78316,                0.72425,                0.79682,                0.69529,                0.51966,                0.86453,                 1.0465,               0.000298,               0.000298,               0.000298
                    198,                0.51957,                0.68666,                 1.0245,                0.77814,                0.72696,                0.79683,                0.69526,                0.51958,                0.86472,                 1.0464,              0.0002485,              0.0002485,              0.0002485
                    199,                0.52125,                0.69138,                 1.0265,                0.78061,                0.72513,                0.79684,                0.69515,                0.51985,                0.86483,                 1.0468,               0.000199,               0.000199,               0.000199
                    200,                0.51813,                0.68298,                 1.0248,                 0.7824,                0.72486,                0.79692,                0.69511,                0.51992,                 0.8649,                 1.0469,              0.0001495,              0.0001495,              0.0001495
